{"cameraMode":{"drawMode":0,"name":"Shaded","section":"Shading Mode"},"sceneLighting":false,"audioPlay":false,"sceneViewState":{"m_AlwaysRefresh":false,"showFog":true,"showSkybox":false,"showFlares":true,"showImageEffects":true,"showParticleSystems":true,"showVisualEffectGraphs":true,"m_FxEnabled":false},"in2DMode":false,"pivot":{"x":-0.8688978552818298,"y":7.7454657554626469,"z":-16.219867706298829},"rotation":{"x":-0.3018294870853424,"y":-0.009445743635296822,"z":0.002969180466607213,"w":-0.9533660411834717},"size":1.2165961265563965,"orthographic":false}